Metric,DCN_MSE,SI_Score
ROC-AUC,0.8725,0.8725
PR-AUC,0.8149852662141097,0.8149852662141097
