Model,Mean_PR_AUC,Std,95_CI
DCN Baseline,0.7677566378728641,0.027775299960013083,0.01721530927133291
Final Fused SI,0.7660091482409139,0.026553652686758248,0.01645812444669231
