Seed,PR_AUC_DCN,PR_AUC_SI
42,0.7178816266941515,0.7228802384268997
43,0.7271242234655233,0.7309623965006136
44,0.7678724751127226,0.7699774031506686
45,0.8093579764946579,0.8218065757572097
46,0.7993820183581415,0.7826975947132206
47,0.7733312085028208,0.7641344742219685
48,0.7497192983527703,0.7765100144949842
49,0.7794435354401347,0.7642294887371742
50,0.7865089670178822,0.7780223168855465
51,0.7669450492898369,0.7488709795208528
