Component,Variance,Weight,Corr with SI
DCN (MSE),1.132634042733116e-05,implicit,0.9469806635205474
PQKR (Dist),0.00545121681087067,implicit,0.24663382024515557
Koopman (Rad),1.0078894520240992e-05,implicit,0.1847552321210023
