Metric,DCN Only,Final SI,Improvement
ROC-AUC,0.878125,0.8724999999999999,-0.005625000000000102
PR-AUC,0.8217173194885586,0.8269399931018915,0.00522267361333284
